<?xml version="1.0" encoding="UTF-8"?>
<odoo>
    <data noupdate="0">
        <record id="group_qr_elements" model="res.groups">
            <field name="name">Access QR Elements</field>
            <field name="category_id" ref="base.module_category_hidden"/>
            <field name="users" eval="[(4, ref('base.user_root')), (4, ref('base.user_admin'))]"/>
        </record>

        <record id="paperformat_custom_saudi" model="report.paperformat">
            <field name="name">Electronic Saudi A4</field>
            <field name="default" eval="False" />
            <field name="format">custom</field>
            <field name="orientation">Portrait</field>
            <field name="margin_top">40</field>
            <field name="margin_bottom">20</field>
            <field name="margin_left">7</field>
            <field name="margin_right">7</field>
            <field name="header_line" eval="False" />
            <field name="header_spacing">35</field>
            <field name="page_height">297</field>
            <field name="page_width">210</field>
        </record>
    </data>
</odoo>