<?xml version="1.0" encoding="UTF-8"?>
<odoo>

    <data noupdate="1">

        <record id="point_of_sale_rule_user_config" model="ir.rule">
            <field name="name">Show only allowed POS configs for User</field>
            <field name="model_id" ref="model_pos_config"/>
            <field name="domain_force">[('id','in',user.pos_config_ids.ids)]</field>
            <field name="groups" eval="[(4,ref('point_of_sale.group_pos_user'))]"/>
        </record>

        <record id="point_of_sale_rule_manager_config" model="ir.rule">
            <field name="name">All POS configs for Manager.</field>
            <field name="model_id" ref="model_pos_config"/>
            <field name="domain_force">[(1, '=', 1)]</field>
            <field name="groups" eval="[(4,ref('point_of_sale.group_pos_manager'))]"/>
        </record>

        <record id="point_of_sale_rule_user_order" model="ir.rule">
            <field name="name">Show POS Orders only for allowed POS configs.</field>
            <field name="model_id" ref="model_pos_order"/>
            <field name="domain_force">[('config_id','in',user.pos_config_ids.ids)]</field>
            <field name="groups" eval="[(4,ref('point_of_sale.group_pos_user'))]"/>
        </record>

        <record id="point_of_sale_rule_manager_order" model="ir.rule">
            <field name="name">Show All POS Orders for Manager.</field>
            <field name="model_id" ref="model_pos_order"/>
            <field name="domain_force">[(1, '=', 1)]</field>
            <field name="groups" eval="[(4,ref('point_of_sale.group_pos_manager'))]"/>
        </record>

    </data>

</odoo>
