<?xml version="1.0" encoding="utf-8"?>
<odoo>
<data>
	<record id="group_read_only_user" model="res.groups">
		<field name="name">Read Only Access</field>
	</record>
    <record id="read_only_rights_rule" model="ir.rule">
        <field name="name">ir.readonly.user.rights</field>
        <field name="model_id" ref="model_ir_model_access"/>
        <field name="groups" eval="[(4, ref('group_read_only_user'))]"/>
        <field name="perm_read" eval="True"/>
        <field name="perm_write" eval="False"/>
        <field name="perm_create" eval="False"/>
        <field name="perm_unlink" eval="False"/>
    </record>
</data>
</odoo>