<?xml version="1.0" encoding="utf-8"?>
<odoo>
    <!-- Chart Template -->
    <record id="account_arabic_coa_general" model="account.chart.template">
        <field name="property_account_receivable_id" ref="123001_account_Muhlhel"/>
        <field name="property_account_payable_id" ref="231001_account_Muhlhel"/>
        <field name="property_account_expense_categ_id" ref="331001_account_Muhlhel"/>
        <field name="property_account_income_categ_id" ref="411001_account_Muhlhel"/>
        <field name="income_currency_exchange_account_id" ref="422006_account_Muhlhel"/>
        <field name="expense_currency_exchange_account_id" ref="422006_account_Muhlhel"/>
         
        <field name="property_account_expense_id" ref="331001_account_Muhlhel"/>
        <field name="property_account_income_id" ref="411001_account_Muhlhel"/>
        <field name="default_pos_receivable_account_id" ref="123001_account_Muhlhel" />

      <!--
        <field name="property_account_expense_id" ref="52900_general_product_cost"/>
        <field name="property_account_income_id" ref="47910_general_product_sales"/>
        <field name="default_pos_receivable_account_id" ref="account_receivable_pos" />
        
        
        
         -->
    </record>
</odoo>
