<?xml version="1.0" encoding="utf-8"?>
<odoo>
        <record id="account_arabic_coa_general" model="account.chart.template">
            <field name="name">Chart of Accounts</field>
            <field name="bank_account_code_prefix">1212</field>
            <field name="cash_account_code_prefix">1211</field>
            <field name="transfer_account_code_prefix">121210</field>
            <field name="code_digits">6</field>
            <field name="currency_id" ref="base.LYD"/>
            <field name="spoken_languages" eval="'en_US;ar_YE;ar_SY;ar_001'"/>
        </record>
</odoo>
